10.0.10.1,10.0.10.2,10.0.10.3,10.0.10.4,10.0.10.5,10.0.10.6,10.0.10.7,10.0.10.8,10.0.10.9,,,B2
10.0.10.11,10.0.10.12,10.0.10.13,10.0.10.14,10.0.10.15,10.0.10.16,10.0.10.17,10.0.10.18,10.0.10.19,,,
10.0.10.21,10.0.10.22,10.0.10.23,10.0.10.24,10.0.10.25,10.0.10.26,10.0.10.27,10.0.10.28,10.0.10.29,,,
10.0.10.31,10.0.10.32,10.0.10.33,10.0.10.34,10.0.10.35,10.0.10.36,10.0.10.37,10.0.10.38,10.0.10.39,,,
10.0.10.41,10.0.10.42,10.0.10.43,10.0.10.44,10.0.10.45,10.0.10.46,10.0.10.47,10.0.10.48,10.0.10.49,,,
10.0.10.51,10.0.10.52,10.0.10.53,10.0.10.54,10.0.10.55,10.0.10.56,10.0.10.57,10.0.10.58,10.0.10.59,,,
10.0.10.61,10.0.10.62,10.0.10.63,10.0.10.64,10.0.10.65,10.0.10.66,10.0.10.67,10.0.10.68,,,,
,,,,,,,,,,,
10.0.10.71,10.0.10.72,10.0.10.73,10.0.10.74,10.0.10.75,10.0.10.76,10.0.10.77,10.0.10.78,10.0.10.79,,,
10.0.10.81,10.0.10.82,10.0.10.83,10.0.10.84,10.0.10.85,10.0.10.86,10.0.10.87,10.0.10.88,10.0.10.89,,,
10.0.10.91,10.0.10.92,10.0.10.93,10.0.10.94,10.0.10.95,10.0.10.96,10.0.10.97,10.0.10.98,10.0.10.99,,,
10.0.10.101,10.0.10.102,10.0.10.103,10.0.10.104,10.0.10.105,10.0.10.106,10.0.10.107,10.0.10.108,10.0.10.109,,,
10.0.10.111,10.0.10.112,10.0.10.113,10.0.10.114,10.0.10.115,10.0.10.116,10.0.10.117,10.0.10.118,10.0.10.119,,,
10.0.10.121,10.0.10.122,10.0.10.123,10.0.10.124,10.0.10.125,10.0.10.126,10.0.10.127,10.0.10.128,10.0.10.129,,,
,,,,,,,,,,,
,,,,,,,,,,,
10.0.10.141,10.0.10.142,10.0.10.143,10.0.10.144,10.0.10.145,10.0.10.146,10.0.10.147,10.0.10.148,10.0.10.149,,,
10.0.10.151,10.0.10.152,10.0.10.153,10.0.10.154,10.0.10.155,10.0.10.156,10.0.10.157,10.0.10.158,10.0.10.159,,,
,,,,,,,,10.0.10.169,,,
,,,,,,,,,,,
10.0.10.191,10.0.10.192,10.0.10.193,10.0.10.194,10.0.10.195,10.0.10.196,10.0.10.197,10.0.10.198,10.0.10.199,,,
10.0.10.203,10.0.10.202,10.0.10.203,10.0.10.204,10.0.10.205,10.0.10.206,10.0.10.207,,10.0.10.209,,,
,,,,,,,,,,,
10.0.11.61,10.0.11.62,10.0.11.63,10.0.11.64,10.0.11.65,10.0.11.66,10.0.11.67,10.0.11.68,10.0.11.69,,,
,,,,,,,,,,,
10.0.11.131,10.0.11.132,10.0.11.133,10.0.11.134,10.0.11.135,10.0.11.136,10.0.11.137,10.0.11.138,10.0.11.139,,,
,,,,,,,,,,,
,,,,,,,,,,,
,,,,,,,,,,,
,,,,,,,,,,,
10.201.1.11,10.201.1.12,10.201.1.13,10.201.1.14,10.201.1.15,10.201.1.16,,,,,,201
10.201.1.21,10.201.1.22,10.201.1.23,10.201.1.24,10.201.1.25,10.201.1.26,10.201.1.27,,,,,
10.201.1.31,10.201.1.32,10.201.1.33,10.201.1.34,10.201.1.35,10.201.1.36,10.201.1.37,,,,,
10.201.1.41,10.201.1.42,10.201.1.43,10.201.1.44,10.201.1.45,10.201.1.46,10.201.1.47,,,,,
10.201.1.51,10.201.1.52,10.201.1.53,10.201.1.54,10.201.1.55,10.201.1.56,10.201.1.57,,,,,
10.201.1.61,10.201.1.62,10.201.1.63,10.201.1.64,10.201.1.65,10.201.1.66,10.201.1.67,,,,,
10.201.1.71,10.201.1.72,10.201.1.73,10.201.1.74,10.201.1.75,10.201.1.76,10.201.1.77,,,,,
,,,,,,,,,,,
10.201.2.11,10.201.2.12,10.201.2.13,10.201.2.14,10.201.2.15,,,,,,,
10.201.2.21,10.201.2.22,10.201.2.23,10.201.2.24,10.201.2.25,10.201.2.26,10.201.2.27,,,,,
10.201.2.31,10.201.2.32,10.201.2.33,10.201.2.34,10.201.2.35,10.201.2.36,10.201.2.37,,,,,
10.201.2.41,10.201.2.42,10.201.2.43,10.201.2.44,10.201.2.45,10.201.2.46,10.201.2.47,,,,,
10.201.2.51,10.201.2.52,10.201.2.53,10.201.2.54,10.201.2.55,10.201.2.56,10.201.2.57,10.201.2.58,,,,
10.201.2.61,10.201.2.62,10.201.2.63,10.201.2.64,,10.201.2.66,10.201.2.67,,,,,
10.201.2.71,10.201.2.72,10.201.2.73,10.201.2.74,10.201.2.75,10.201.2.76,10.201.2.77,,,,,
,,,,,,,,,,,
10.201.3.11,10.201.3.12,10.201.3.13,10.201.3.14,10.201.3.15,,,,,,,
10.201.3.21,10.201.3.22,10.201.3.23,10.201.3.24,10.201.3.25,10.201.3.26,10.201.3.27,,,,,
10.201.3.31,10.201.3.32,10.201.3.33,10.201.3.34,10.201.3.35,10.201.3.36,10.201.3.37,,,,,
10.201.3.41,10.201.3.42,10.201.3.43,10.201.3.44,10.201.3.45,10.201.3.46,10.201.3.47,,,,,
10.201.3.51,10.201.3.52,10.201.3.53,10.201.3.54,10.201.3.55,10.201.3.56,10.201.3.57,10.201.3.58,,,,
10.201.3.61,10.201.3.62,10.201.3.63,10.201.3.64,10.201.3.65,10.201.3.66,10.201.3.67,,,,,
10.201.3.71,10.201.3.72,10.201.3.73,10.201.3.74,10.201.3.75,10.201.3.76,10.201.3.77,,,,,
,,,,,,,,,,,
,,,,,,,,,,,
,,,,,,,,,,,
,,,,,,,,,,,
10.202.1.11,10.202.1.12,10.202.1.13,10.202.1.14,10.202.1.15,10.202.1.16,10.202.1.17,10.202.1.18,,,,202
10.202.1.21,10.202.1.22,10.202.1.23,10.202.1.24,10.202.1.25,10.202.1.26,10.202.1.27,10.202.1.28,,,,
10.202.1.31,10.202.1.32,10.202.1.33,10.202.1.34,10.202.1.35,10.202.1.36,10.202.1.37,10.202.1.38,,,,
10.202.1.41,10.202.1.42,10.202.1.43,10.202.1.44,10.202.1.45,10.202.1.46,10.202.1.47,10.202.1.48,,,,
10.202.1.51,10.202.1.52,10.202.1.53,10.202.1.54,10.202.1.55,10.202.1.56,10.202.1.57,10.202.1.58,,,,
10.202.1.61,10.202.1.62,10.202.1.63,10.202.1.64,10.202.1.65,10.202.1.66,10.202.1.67,10.202.1.68,,,,
,,,,,,,,,,,
10.202.2.11,10.202.2.12,10.202.2.13,10.202.2.14,10.202.2.15,10.202.2.16,10.202.2.17,10.202.2.18,,,,
10.202.2.21,10.202.2.22,10.202.2.23,10.202.2.24,10.202.2.25,10.202.2.26,10.202.2.27,10.202.2.28,,,,
10.202.2.31,10.202.2.32,10.202.2.33,10.202.2.34,10.202.2.35,10.202.2.36,10.202.2.37,10.202.2.38,,,,
10.202.2.41,10.202.2.42,10.202.2.43,10.202.2.44,10.202.2.45,10.202.2.46,10.202.2.47,10.202.2.48,,,,
10.202.2.51,10.202.2.52,10.202.2.53,10.202.2.54,10.202.2.55,10.202.2.56,10.202.2.57,10.202.2.58,,,,
10.202.2.61,10.202.2.62,10.202.2.63,10.202.2.64,10.202.2.65,10.202.2.66,10.202.2.67,10.202.2.68,,,,
,,,,,,,,,,,
10.202.3.11,10.202.3.12,10.202.3.13,10.202.3.14,10.202.3.15,10.202.3.16,10.202.3.17,10.202.3.18,,,,
10.202.3.21,10.202.3.22,10.202.3.23,10.202.3.24,10.202.3.25,10.202.3.26,10.202.3.27,10.202.3.28,,,,
10.202.3.31,10.202.3.32,10.202.3.33,10.202.3.34,10.202.3.35,10.202.3.36,10.202.3.37,10.202.3.38,,,,
10.202.3.41,10.202.3.42,10.202.3.43,10.202.3.44,10.202.3.45,10.202.3.46,10.202.3.47,10.202.3.48,,,,
10.202.3.51,10.202.3.52,10.202.3.53,10.202.3.54,10.202.3.55,10.202.3.56,10.202.3.57,10.202.3.58,,,,
10.202.3.61,10.202.3.62,10.202.3.63,10.202.3.64,10.202.3.65,10.202.3.66,10.202.3.67,10.202.3.68,,,,
,,,,,,,,,,,
,,,,,,,,,,,
,,,,,,,,,,,
,,,,,,,,,,,
10.203.1.21,10.203.1.22,10.203.1.23,10.203.1.24,10.203.1.25,10.203.1.26,10.203.1.27,10.203.1.28,,,,203
10.203.1.31,10.203.1.32,10.203.1.33,10.203.1.34,10.203.1.35,10.203.1.36,10.203.1.37,10.203.1.38,,,,
10.203.1.41,10.203.1.42,10.203.1.43,10.203.1.44,10.203.1.45,10.203.1.46,10.203.1.47,10.203.1.48,,,,
10.203.1.51,10.203.1.52,10.203.1.53,10.203.1.54,10.203.1.55,10.203.1.56,10.203.1.57,10.203.1.58,,,,
10.203.1.61,10.203.1.62,10.203.1.63,10.203.1.64,10.203.1.65,10.203.1.66,10.203.1.67,10.203.1.68,,,,
10.203.1.71,10.203.1.72,10.203.1.73,10.203.1.74,10.203.1.75,10.203.1.76,10.203.1.77,10.203.1.78,,,,
,,,,,,,,,,,
10.203.2.21,10.203.2.22,10.203.2.23,10.203.2.24,10.203.2.25,10.203.2.26,10.203.2.27,10.203.2.28,,,,
10.203.2.31,10.203.2.32,10.203.2.33,10.203.2.34,10.203.2.35,10.203.2.36,10.203.2.37,10.203.2.38,,,,
10.203.2.41,10.203.2.42,10.203.2.43,10.203.2.44,10.203.2.45,10.203.2.46,10.203.2.47,,,,,
10.203.2.51,10.203.2.52,10.203.2.53,10.203.2.54,10.203.2.55,10.203.2.56,10.203.2.57,10.203.2.58,,,,
10.203.2.61,10.203.2.62,10.203.2.63,10.203.2.64,10.203.2.65,10.203.2.66,10.203.2.67,10.203.2.68,,,,
10.203.2.71,10.203.2.72,10.203.2.73,10.203.2.74,10.203.2.75,10.203.2.76,10.203.2.77,10.203.2.78,,,,
,,,,,,,,,,,
10.203.3.11,10.203.3.12,,,,,,,,,,
10.203.3.21,10.203.3.22,10.203.3.23,10.203.3.24,10.203.3.25,10.203.3.26,10.203.3.27,10.203.3.28,,,,
10.203.3.31,10.203.3.32,10.203.3.33,10.203.3.34,10.203.3.35,10.203.3.36,10.203.3.37,10.203.3.38,,,,
10.203.3.41,10.203.3.42,10.203.3.43,10.203.3.44,10.203.3.45,10.203.3.46,10.203.3.47,,,,,
10.203.3.51,10.203.3.52,10.203.3.53,10.203.3.54,10.203.3.55,10.203.3.56,10.203.3.57,10.203.3.58,,,,
10.203.3.61,10.203.3.62,10.203.3.63,10.203.3.64,10.203.3.65,10.203.3.66,10.203.3.67,10.203.3.68,,,,
10.203.3.71,10.203.3.72,10.203.3.73,10.203.3.74,10.203.3.75,10.203.3.76,10.203.3.77,10.203.3.78,,,,
,,,,,,,,,,,
,,,,,,,,,,,
10.204.1.11,10.204.1.12,10.204.1.13,10.204.1.14,10.204.1.15,10.204.1.16,10.204.1.17,10.204.1.18,,,,204
10.204.1.21,10.204.1.22,10.204.1.23,10.204.1.24,10.204.1.25,10.204.1.26,10.204.1.27,10.204.1.28,,,,
10.204.1.31,10.204.1.32,10.204.1.33,10.204.1.34,10.204.1.35,10.204.1.36,10.204.1.37,10.204.1.38,,,,
10.204.1.41,10.204.1.42,10.204.1.43,10.204.1.44,10.204.1.45,10.204.1.46,10.204.1.47,10.204.1.48,,,,
10.204.1.51,10.204.1.52,10.204.1.53,10.204.1.54,10.204.1.55,10.204.1.56,10.204.1.57,10.204.1.58,,,,
10.204.1.61,10.204.1.62,10.204.1.63,10.204.1.64,10.204.1.65,10.204.1.66,10.204.1.67,10.204.1.68,,,,
,,,,,,,,,,,
10.204.2.11,10.204.2.12,10.204.2.13,10.204.2.14,10.204.2.15,10.204.2.16,10.204.2.17,10.204.2.18,,,,
10.204.2.21,10.204.2.22,10.204.2.23,10.204.2.24,10.204.2.25,10.204.2.26,10.204.2.27,10.204.2.28,,,,
10.204.2.31,10.204.2.32,10.204.2.33,10.204.2.34,10.204.2.35,10.204.2.36,10.204.2.37,10.204.2.38,,,,
10.204.2.41,10.204.2.42,10.204.2.43,10.204.2.44,10.204.2.45,10.204.2.46,10.204.2.47,10.204.2.48,,,,
10.204.2.51,10.204.2.52,10.204.2.53,10.204.2.54,10.204.2.55,10.204.2.56,10.204.2.57,10.204.2.58,,,,
10.204.2.61,10.204.2.62,10.204.2.63,10.204.2.64,10.204.2.65,10.204.2.66,10.204.2.67,10.204.2.68,,,,
,,,,,,,,,,,
10.204.3.11,10.204.3.12,10.204.3.13,10.204.3.14,10.204.3.15,10.204.3.16,10.204.3.17,10.204.3.18,,,,
10.204.3.21,10.204.3.22,10.204.3.23,10.204.3.24,10.204.3.25,10.204.3.26,10.204.3.27,10.204.3.28,,,,
10.204.3.31,10.204.3.32,10.204.3.33,10.204.3.34,10.204.3.35,10.204.3.36,10.204.3.37,10.204.3.38,,,,
10.204.3.41,10.204.3.42,10.204.3.43,10.204.3.44,10.204.3.45,10.204.3.46,10.204.3.47,10.204.3.48,,,,
10.204.3.51,10.204.3.52,10.204.3.53,10.204.3.54,10.204.3.55,10.204.3.56,10.204.3.57,10.204.3.58,,,,
10.204.3.61,10.204.3.62,10.204.3.63,10.204.3.64,10.204.3.65,10.204.3.66,10.204.3.67,10.204.3.68,,,,
,,,,,,,,,,,
,,,,,,,,,,,
,,,,,,,,,,,
10.205.1.11,10.205.1.12,10.205.1.13,10.205.1.14,10.205.1.15,10.205.1.16,10.205.1.17,10.205.1.18,,,,
10.205.1.21,10.205.1.22,10.205.1.23,10.205.1.24,10.205.1.25,10.205.1.26,10.205.1.27,10.205.1.28,,,,
10.205.1.31,10.205.1.32,10.205.1.33,10.205.1.34,10.205.1.35,10.205.1.36,10.205.1.37,10.205.1.38,,,,
10.205.1.41,10.205.1.42,10.205.1.43,10.205.1.44,10.205.1.45,10.205.1.46,10.205.1.47,10.205.1.48,,,,
10.205.1.51,10.205.1.52,10.205.1.53,10.205.1.54,10.205.1.55,10.205.1.56,10.205.1.57,10.205.1.58,,,,
10.205.1.61,10.205.1.62,10.205.1.63,10.205.1.64,10.205.1.65,10.205.1.66,10.205.1.67,10.205.1.68,,,,
,,,,,,,,,,,
10.205.2.11,10.205.2.12,10.205.2.13,10.205.2.14,10.205.2.15,10.205.2.16,10.205.2.17,10.205.2.18,,,,
10.205.2.21,10.205.2.22,10.205.2.23,10.205.2.24,10.205.2.25,10.205.2.26,10.205.2.27,10.205.2.28,,,,
10.205.2.31,10.205.2.32,10.205.2.33,10.205.2.34,10.205.2.35,10.205.2.36,10.205.2.37,10.205.2.38,,,,
10.205.2.41,10.205.2.42,10.205.2.43,10.205.2.44,10.205.2.45,10.205.2.46,10.205.2.47,10.205.2.48,,,,
10.205.2.51,10.205.2.52,10.205.2.53,10.205.2.54,10.205.2.55,10.205.2.56,10.205.2.57,10.205.2.58,,,,
10.205.2.61,10.205.2.62,10.205.2.63,10.205.2.64,10.205.2.65,10.205.2.66,10.205.2.67,10.205.2.68,,,,
,,,,,,,,,,,
10.205.3.11,10.205.3.12,10.205.3.13,10.205.3.14,10.205.3.15,10.205.3.16,10.205.3.17,10.205.3.18,,,,
10.205.3.21,10.205.3.22,10.205.3.23,10.205.3.24,10.205.3.25,10.205.3.26,10.205.3.27,10.205.3.28,,,,
10.205.3.31,10.205.3.32,10.205.3.33,10.205.3.34,10.205.3.35,10.205.3.36,10.205.3.37,10.205.3.38,,,,
10.205.3.41,10.205.3.42,10.205.3.43,10.205.3.44,10.205.3.45,10.205.3.46,10.205.3.47,10.205.3.48,,,,
10.205.3.51,10.205.3.52,10.205.3.53,10.205.3.54,10.205.3.55,10.205.3.56,10.205.3.57,10.205.3.58,,,,
10.205.3.61,10.205.3.62,10.205.3.63,10.205.3.64,10.205.3.65,10.205.3.66,10.205.3.67,10.205.3.68,,,,
,,,,,,,,,,,
,,,,,,,,,,,
10.206.1.11,10.206.1.12,10.206.1.13,10.206.1.14,10.206.1.15,10.206.1.16,10.206.1.17,10.206.1.18,,,,
10.206.1.21,10.206.1.22,10.206.1.23,10.206.1.24,10.206.1.25,10.206.1.26,10.206.1.27,10.206.1.28,,,,
10.206.1.31,10.206.1.32,10.206.1.33,10.206.1.34,10.206.1.35,10.206.1.36,10.206.1.37,10.206.1.38,,,,
10.206.1.41,10.206.1.42,10.206.1.43,10.206.1.44,10.206.1.45,10.206.1.46,10.206.1.47,10.206.1.48,,,,
10.206.1.51,10.206.1.52,10.206.1.53,10.206.1.54,10.206.1.55,10.206.1.56,10.206.1.57,10.206.1.58,,,,
10.206.1.61,10.206.1.62,10.206.1.63,10.206.1.64,10.206.1.65,10.206.1.66,10.206.1.67,10.206.1.68,,,,
,,,,,,,,,,,
10.206.2.11,10.206.2.12,10.206.2.13,10.206.2.14,10.206.2.15,10.206.2.16,10.206.2.17,10.206.2.18,,,,
10.206.2.21,10.206.2.22,10.206.2.23,10.206.2.24,10.206.2.25,10.206.2.26,10.206.2.27,10.206.2.28,,,,
10.206.2.31,10.206.2.32,10.206.2.33,10.206.2.34,10.206.2.35,10.206.2.36,10.206.2.37,10.206.2.38,,,,
10.206.2.41,10.206.2.42,10.206.2.43,10.206.2.44,10.206.2.45,10.206.2.46,10.206.2.47,10.206.2.48,,,,
10.206.2.51,10.206.2.52,10.206.2.53,10.206.2.54,10.206.2.55,10.206.2.56,10.206.2.57,10.206.2.58,,,,
10.206.2.61,10.206.2.62,10.206.2.63,10.206.2.64,10.206.2.65,10.206.2.66,10.206.2.67,10.206.2.68,,,,
,,,,,,,,,,,
10.206.3.11,10.206.3.12,10.206.3.13,10.206.3.14,10.206.3.15,10.206.3.16,10.206.3.17,10.206.3.18,,,,
10.206.3.21,10.206.3.22,10.206.3.23,10.206.3.24,10.206.3.25,10.206.3.26,10.206.3.27,10.206.3.28,,,,
10.206.3.31,10.206.3.32,10.206.3.33,10.206.3.34,10.206.3.35,10.206.3.36,10.206.3.37,10.206.3.38,,,,
10.206.3.41,10.206.3.42,10.206.3.43,10.206.3.44,10.206.3.45,10.206.3.46,10.206.3.47,10.206.3.48,,,,
10.206.3.51,10.206.3.52,10.206.3.53,10.206.3.54,10.206.3.55,10.206.3.56,10.206.3.57,10.206.3.58,,,,
10.206.3.61,10.206.3.62,10.206.3.63,10.206.3.64,10.206.3.65,10.206.3.66,10.206.3.67,10.206.3.68,,,,
,,,,,,,,,,,
10.207.1.21,10.207.1.22,10.207.1.23,10.207.1.24,10.207.1.25,10.207.1.26,10.207.1.27,,,,,207
10.207.1.31,10.207.1.32,10.207.1.33,10.207.1.34,10.207.1.35,10.207.1.36,10.207.1.37,,,,,
10.207.1.41,10.207.1.42,10.207.1.43,10.207.1.44,10.207.1.45,10.207.1.46,10.207.1.47,,,,,
10.207.1.51,10.207.1.52,10.207.1.53,10.207.1.54,10.207.1.55,10.207.1.56,10.207.1.57,10.207.1.58,,,,
,,,,,,,,,,,
10.207.2.11,10.207.2.12,10.207.2.13,10.207.2.14,10.207.2.15,10.207.2.16,10.207.2.17,,,,,
10.207.2.21,10.207.2.22,10.207.2.23,10.207.2.24,10.207.2.25,10.207.2.26,10.207.2.27,10.207.2.28,,,,
10.207.2.31,10.207.2.32,10.207.2.33,10.207.2.34,10.207.2.35,10.207.2.36,10.207.2.37,10.207.2.38,,,,
10.207.2.41,10.207.2.42,10.207.2.43,10.207.2.44,10.207.2.45,10.207.2.46,10.207.2.47,10.207.2.48,,,,
10.207.2.51,10.207.2.52,10.207.2.53,10.207.2.54,10.207.2.55,10.207.2.56,10.207.2.57,10.207.2.58,,,,
,,,,,,,,,,,
10.207.3.11,10.207.3.12,10.207.3.13,10.207.3.14,10.207.3.15,10.207.3.16,10.207.3.17,10.207.3.18,,,,
10.207.3.21,10.207.3.22,10.207.3.23,10.207.3.24,10.207.3.25,10.207.3.26,10.207.3.27,10.207.3.28,,,,
10.207.3.31,10.207.3.32,10.207.3.33,10.207.3.34,10.207.3.35,10.207.3.36,10.207.3.37,10.207.3.38,,,,
10.207.3.41,10.207.3.42,10.207.3.43,10.207.3.44,10.207.3.45,10.207.3.46,10.207.3.47,10.207.3.48,,,,
10.207.3.51,10.207.3.52,10.207.3.53,10.207.3.54,10.207.3.55,10.207.3.56,10.207.3.57,10.207.3.58,,,,
,,,,,,,,,,,
,,,,,,,,,,,
,,,,,,,,,,,
10.208.1.11,10.208.1.12,10.208.1.13,10.208.1.14,10.208.1.15,10.208.1.16,10.208.1.17,10.208.1.18,,,,208
10.208.1.21,10.208.1.22,10.208.1.23,10.208.1.24,10.208.1.25,10.208.1.26,10.208.1.27,10.208.1.28,,,,
10.208.1.31,10.208.1.32,10.208.1.33,10.208.1.34,10.208.1.35,10.208.1.36,10.208.1.37,10.208.1.38,,,,
10.208.1.41,10.208.1.42,10.208.1.43,10.208.1.44,10.208.1.45,10.208.1.46,10.208.1.47,10.208.1.48,,,,
10.208.1.51,10.208.1.52,10.208.1.53,10.208.1.54,10.208.1.55,10.208.1.56,10.208.1.57,10.208.1.58,,,,
10.208.1.61,10.208.1.62,10.208.1.63,10.208.1.64,10.208.1.65,10.208.1.66,10.208.1.67,10.208.1.68,,,,
,,,,,,,,,,,
10.208.2.11,10.208.2.12,10.208.2.13,10.208.2.14,10.208.2.15,10.208.2.16,10.208.2.17,10.208.2.18,,,,
10.208.2.21,10.208.2.22,10.208.2.23,10.208.2.24,10.208.2.25,10.208.2.26,10.208.2.27,10.208.2.28,,,,
10.208.2.31,10.208.2.32,10.208.2.33,10.208.2.34,10.208.2.35,10.208.2.36,10.208.2.37,10.208.2.38,,,,
10.208.2.41,10.208.2.42,10.208.2.43,10.208.2.44,10.208.2.45,10.208.2.46,10.208.2.47,10.208.2.48,,,,
10.208.2.51,10.208.2.52,10.208.2.53,10.208.2.54,10.208.2.55,10.208.2.56,10.208.2.57,10.208.2.58,,,,
10.208.2.61,10.208.2.62,10.208.2.63,10.208.2.64,10.208.2.65,10.208.2.66,10.208.2.67,10.208.2.68,,,,
,,,,,,,,,,,
10.208.3.11,10.208.3.12,10.208.3.13,10.208.3.14,10.208.3.15,10.208.3.16,10.208.3.17,10.208.3.18,,,,
10.208.3.21,10.208.3.22,10.208.3.23,10.208.3.24,10.208.3.25,10.208.3.26,10.208.3.27,10.208.3.28,,,,
10.208.3.31,10.208.3.32,10.208.3.33,10.208.3.34,10.208.3.35,10.208.3.36,10.208.3.37,10.208.3.38,,,,
10.208.3.41,10.208.3.42,10.208.3.43,10.208.3.44,10.208.3.45,10.208.3.46,10.208.3.47,10.208.3.48,,,,
10.208.3.51,10.208.3.52,10.208.3.53,10.208.3.54,10.208.3.55,10.208.3.56,10.208.3.57,10.208.3.58,,,,
10.208.3.61,10.208.3.62,10.208.3.63,10.208.3.64,10.208.3.65,10.208.3.66,10.208.3.67,10.208.3.68,,,,